id,first_name,last_name,email,country,state,ip_address
1,Marci,Callow,mcallow0@trellian.com,Thailand,,222.47.128.14
2,Celestyn,Boynes,cboynes1@independent.co.uk,Philippines,,20.167.31.7
3,Abdul,Streatfield,astreatfield2@squarespace.com,Cuba,,56.212.69.126
4,Teirtza,O'Fogerty,tofogerty3@wikimedia.org,Indonesia,,5.109.45.216
5,Melinde,Chatain,mchatain4@google.de,China,,1.219.52.101
6,Tiffany,Pleace,tpleace5@e-recht24.de,Philippines,,188.117.203.100
7,Bastien,Brunsden,bbrunsden6@ft.com,France,Île-de-France,213.100.19.103
8,Indira,Glancy,iglancy7@blogger.com,Brazil,,182.145.95.26
9,Morey,Goodred,mgoodred8@plala.or.jp,Canada,Nova Scotia,251.126.128.116
10,Roxi,Ferris,rferris9@mediafire.com,Portugal,Coimbra,132.83.60.94
11,Waverley,Rosenblad,wrosenblada@addthis.com,Indonesia,,195.39.57.131
12,Dollie,Sharplin,dsharplinb@mozilla.com,Indonesia,,52.82.139.170
13,Brianne,Marmon,bmarmonc@netlog.com,United Kingdom,England,86.233.204.250
14,Tab,Ungaretti,tungarettid@businessweek.com,Mexico,Guerrero,226.108.117.196
15,Aurlie,Gillings,agillingse@skyrock.com,Poland,,7.132.205.197
16,Barbey,Hearst,bhearstf@umn.edu,Bulgaria,,66.236.7.75
17,Kara-lynn,Stockford,kstockfordg@naver.com,Ukraine,,195.0.181.126
18,Gusti,MacCawley,gmaccawleyh@jimdo.com,Armenia,,63.221.24.125
19,Orrin,Lindl,olindli@tinypic.com,China,,17.2.237.92
20,Alexandre,Parkyn,aparkynj@wsj.com,Portugal,Lisboa,185.54.198.251
21,Jermaine,Letcher,jletcherk@drupal.org,Indonesia,,91.204.75.204
22,Adams,McCoveney,amccoveneyl@parallels.com,China,,223.36.176.94
23,Harvey,Lacoste,hlacostem@etsy.com,Brazil,,142.7.112.48
24,Carce,Hallawell,challawelln@a8.net,China,,99.207.60.164
25,Nial,Tewes,nteweso@ibm.com,Spain,Navarra,0.116.253.154
26,Carolyn,Gricks,cgricksp@adobe.com,Uganda,,242.235.102.253
27,Case,Stuer,cstuerq@weibo.com,China,,149.131.171.3
28,Lyle,Giacoppoli,lgiacoppolir@csmonitor.com,China,,172.100.98.146
29,Adolphe,Josskowitz,ajosskowitzs@hhs.gov,Bosnia and Herzegovina,,144.11.124.237
30,Arvie,Harland,aharlandt@blinklist.com,Iran,,16.115.164.205
31,Queenie,Wakerley,qwakerleyu@rakuten.co.jp,Greece,,110.57.187.171
32,Wyndham,Antonnikov,wantonnikovv@trellian.com,Mauritius,,207.26.231.87
33,Rich,People,rpeoplew@infoseek.co.jp,Indonesia,,137.50.191.93
34,Alikee,Girling,agirlingx@angelfire.com,Kenya,,176.63.50.32
35,Pam,Dyson,pdysony@symantec.com,United States,Tennessee,255.28.168.132
36,Heddie,Downing,hdowningz@youku.com,Russia,,93.150.101.113
37,Theo,Lindl,tlindl10@wp.com,Aland Islands,,48.170.148.74
38,Farr,Aizikovitz,faizikovitz11@cnbc.com,Poland,,84.230.20.13
39,Gloria,Chatell,gchatell12@wiley.com,Portugal,Porto,10.78.249.98
40,Ambur,Braunfeld,abraunfeld13@timesonline.co.uk,France,Rhône-Alpes,40.107.147.12
41,Philomena,Nobes,pnobes14@phoca.cz,Yemen,,132.163.248.5
42,Dianne,Dome,ddome15@cmu.edu,Portugal,Porto,64.118.67.232
43,Marnie,Chander,mchander16@myspace.com,Russia,,0.244.96.85
44,Pennie,Jannings,pjannings17@craigslist.org,Poland,,226.45.128.138
45,Hobart,Weins,hweins18@webmd.com,Indonesia,,165.247.184.26
46,Buck,Dorrity,bdorrity19@cloudflare.com,Brazil,,144.2.3.87
47,Elaina,Kiddy,ekiddy1a@paypal.com,Moldova,,103.8.20.129
48,Richmound,Crosfeld,rcrosfeld1b@smugmug.com,Poland,,153.94.203.242
49,Padriac,O'Fallowne,pofallowne1c@furl.net,Myanmar,,251.18.84.210
50,Zeke,Langeren,zlangeren1d@xing.com,Brazil,,150.164.2.17
51,Kenna,Aldiss,kaldiss1e@globo.com,Philippines,,128.33.231.120
52,Victoria,Chree,vchree1f@cargocollective.com,Cameroon,,66.121.149.132
53,Dynah,Wellan,dwellan1g@flavors.me,Serbia,,155.109.139.225
54,Bogey,Westnedge,bwestnedge1h@pinterest.com,Thailand,,131.159.118.101
55,Phaidra,Puckett,ppuckett1i@google.co.jp,Hong Kong,,86.53.254.162
56,Joaquin,Leyman,jleyman1j@squidoo.com,Colombia,,33.186.86.21
57,George,Mintoft,gmintoft1k@ask.com,Philippines,,125.56.50.137
58,Court,Kester,ckester1l@twitter.com,Indonesia,,116.192.90.195
59,Frazer,Balshen,fbalshen1m@people.com.cn,Russia,,193.135.33.103
60,Ellswerth,Roscher,eroscher1n@example.com,Indonesia,,213.9.50.7
61,Gamaliel,Stickney,gstickney1o@hubpages.com,France,Champagne-Ardenne,199.113.68.62
62,Uriah,Grichukhin,ugrichukhin1p@princeton.edu,Germany,Sachsen-Anhalt,242.63.34.237
63,Phelia,Earngy,pearngy1q@psu.edu,Tanzania,,133.64.233.185
64,Laney,McEachern,lmceachern1r@comsenz.com,Poland,,134.188.172.169
65,Morris,O'Hengerty,mohengerty1s@icq.com,United States,Arizona,206.169.236.120
66,Arielle,Driussi,adriussi1t@joomla.org,Honduras,,106.168.64.12
67,Kati,Canavan,kcanavan1u@aboutads.info,Indonesia,,17.77.21.120
68,Kessiah,Picot,kpicot1v@narod.ru,China,,36.128.210.112
69,Shadow,Byneth,sbyneth1w@wsj.com,United States,Virginia,43.93.229.251
70,Marwin,McCallion,mmccallion1x@arizona.edu,Indonesia,,126.252.115.241
71,Flin,Riddeough,friddeough1y@hugedomains.com,Bosnia and Herzegovina,,255.95.149.67
72,Ax,Taffarello,ataffarello1z@dagondesign.com,Colombia,,187.176.241.20
73,Keeley,Kilsby,kkilsby20@latimes.com,Uzbekistan,,38.97.46.226
74,Ardyce,Lyddiatt,alyddiatt21@forbes.com,South Africa,,4.223.237.242
75,Riane,Dear,rdear22@bizjournals.com,China,,146.132.141.169
76,Beltran,Obington,bobington23@pen.io,Indonesia,,57.196.109.197
77,Tadd,Biles,tbiles24@webeden.co.uk,Uganda,,42.100.59.168
78,Elayne,Lighterness,elighterness25@comsenz.com,Argentina,,124.125.42.36
79,Julia,Izatt,jizatt26@dion.ne.jp,Japan,,109.49.52.28
80,Kelwin,Runnalls,krunnalls27@nih.gov,Indonesia,,107.212.187.197
81,Diandra,Sheavills,dsheavills28@wunderground.com,Vietnam,,8.209.139.3
82,Ilse,Ruspine,iruspine29@noaa.gov,France,Franche-Comté,52.94.53.138
83,Elianora,Mullin,emullin2a@cam.ac.uk,Philippines,,55.200.145.38
84,Cammie,Foard,cfoard2b@wsj.com,China,,156.155.192.172
85,Tammie,Brownsmith,tbrownsmith2c@t.co,China,,200.255.131.254
86,Joice,Mullett,jmullett2d@yale.edu,Indonesia,,115.112.238.41
87,Clare,Riggeard,criggeard2e@1und1.de,France,Pays de la Loire,221.221.105.9
88,Fabian,Chadwyck,fchadwyck2f@photobucket.com,China,,241.69.21.171
89,Tynan,Girsch,tgirsch2g@naver.com,Morocco,,46.80.20.10
90,Patrice,Tanby,ptanby2h@harvard.edu,Philippines,,184.243.234.60
91,Killy,Bradick,kbradick2i@msn.com,China,,18.137.203.126
92,Tommie,Gibbens,tgibbens2j@cbc.ca,China,,199.44.124.200
93,Vita,Leedes,vleedes2k@wikimedia.org,China,,31.193.58.141
94,Budd,Ward,bward2l@nhs.uk,Norway,Oslo,71.128.204.237
95,Elvina,Fowles,efowles2m@illinois.edu,Peru,,36.71.65.28
96,Jessamyn,Champneys,jchampneys2n@ucla.edu,Sweden,Blekinge,149.121.110.213
97,Sigismund,Westerman,swesterman2o@si.edu,Libya,,112.138.0.34
98,Happy,Telfer,htelfer2p@marketwatch.com,Nigeria,,82.76.0.27
99,Elroy,Chipp,echipp2q@wikispaces.com,Indonesia,,180.217.225.44
100,Dwight,Enion,denion2r@nbcnews.com,Sweden,Uppsala,27.251.121.233